Cálint Gergely; calint@abc.hu
Héresné Badics Edit; heresne@abc.hu
Jaragos Gábriel; jaragos.gabriel@abc.hu
Kabusa András; kabusa.andras@abc.hu
Kagóné Kiss Irén; kkissh@abc.hu
Lator Emil; lator@abc.hu
Lerta Kamilla; lerta.kamilla@abc.hu
Nátki Olivér; natki.oliver@abc.hu
Penyó Julianna Mariska; penyo.judli@abc.hu
Párcza Kinga; parcza.kinga@abc.hu
Tende Andrea; tende.andrea@abc.hu
Vabogh Zsolt; vaboghz@abc.hu
Zarbar Irén; zarbar.iren@abc.hu
